feature,importance
V258,0.27695018
V201,0.23650353
V294,0.050986994
V70,0.018314127
V91,0.015795503
V187,0.011485727
C3,0.010435795
V156,0.0083359815
C14,0.0077655823
V225,0.0073821857
R_emaildomain,0.006938032
V324,0.0061784824
V192,0.006140337
V159,0.005538666
V339,0.0053485963
V172,0.0053483583
C8,0.0046586217
V163,0.004281553
V296,0.0041386886
id_36,0.0039509027
V118,0.003940473
C1,0.003929764
V175,0.0038463355
V196,0.0038367265
V149,0.0037064184
V121,0.0036813337
V206,0.0036057564
V308,0.0035572713
ProductCD,0.003253359
DeviceInfo,0.0032013352
V333,0.0029928437
V190,0.0029616086
V29,0.0029119966
V115,0.0028946986
D2,0.002714549
card3,0.002534409
V169,0.0024172785
V295,0.0023564266
card6,0.00234538
V165,0.0023412046
V64,0.002230642
V230,0.0021237198
V176,0.0020510976
C5,0.0020232247
V98,0.0020132991
V102,0.002003091
V323,0.0020009328
C11,0.0019946848
V285,0.0019536293
V188,0.0019479552
V99,0.0019235526
V152,0.0019189018
V45,0.0018964654
C6,0.0018698925
V184,0.0018698083
V6,0.0018434377
V48,0.0018239678
V300,0.0017343482
V34,0.0017288433
V113,0.001656856
V111,0.0016512821
id_30,0.0016361633
V244,0.0016308682
V33,0.0016213997
V281,0.0016134444
V54,0.0015709158
V67,0.0015646354
V146,0.0015526956
V62,0.0015477525
V150,0.0015425278
V289,0.001530932
id_09,0.0015128491
id_17,0.0015015274
V283,0.0014653261
id_33,0.0014577613
V56,0.0014431365
V268,0.0014337334
V26,0.0014321009
V309,0.001424737
V83,0.0013967005
V133,0.0013383462
V251,0.0013306343
V131,0.0013249253
V123,0.0013020152
V109,0.0012923386
V207,0.0012647902
V87,0.0012437297
V193,0.0012396834
V141,0.0012396084
V120,0.0012341398
V315,0.001227582
M4,0.0012250703
V151,0.0012190794
V170,0.0012172906
V136,0.0012169977
V100,0.0012081653
id_07,0.001202349
P_emaildomain,0.0011707335
V55,0.0011501042
C9,0.0011486106
V116,0.0011469134
D1,0.001146821
V124,0.0011326539
V20,0.0011154534
V266,0.0011132122
D3,0.001080128
V261,0.00107513
V63,0.0010730096
addr2,0.0010703756
V49,0.0010677995
C2,0.0010601934
V158,0.0010514124
V301,0.0010485891
C4,0.0010408277
V338,0.001039452
V260,0.0010306231
V23,0.0010223282
C13,0.0010221113
V143,0.001020549
V220,0.0010170325
V148,0.0010143387
id_31,0.0010105788
V186,0.001009186
V53,0.0010088151
id_08,0.0009892295
V2,0.0009886768
V4,0.0009830983
V288,0.0009816817
V311,0.00095396885
V320,0.00094590406
V215,0.00093724893
V317,0.0009317518
D10,0.0009275314
V82,0.00090253016
V90,0.00089935807
V224,0.00088978664
V75,0.0008741719
V272,0.0008691278
V292,0.0008628119
D15,0.00085265643
V76,0.00084245164
V303,0.000829966
V135,0.00082900753
V30,0.0008192108
V44,0.00081618887
V129,0.00081007497
V194,0.0008080821
V36,0.0007920772
V265,0.0007918863
V7,0.0007863464
V58,0.00078036403
V291,0.0007794965
M2,0.0007774869
V73,0.00076996937
V137,0.00076688506
V310,0.00076629705
D4,0.0007596234
M5,0.0007592276
V5,0.00075432647
V284,0.00074457075
V314,0.0007436698
V10,0.00074175355
V61,0.0007402384
id_25,0.0007382544
V8,0.0007368991
V51,0.00073159713
V332,0.0007247006
V321,0.0007217645
V313,0.00072081486
V335,0.0007196396
V254,0.0007091657
V319,0.0007050553
V104,0.00070338283
dist1,0.0006932637
V250,0.0006864443
V66,0.0006787115
V86,0.000678579
id_14,0.00067844195
V78,0.000672379
V139,0.00066725205
V57,0.0006621965
C12,0.00066205586
V110,0.00065964804
id_24,0.00065948477
V203,0.00065812154
V13,0.00065592094
V106,0.0006513139
V35,0.0006469677
V9,0.0006469463
V24,0.0006453429
V38,0.00064273796
D11,0.00063445163
V12,0.0006332687
V336,0.00062992884
card2,0.000626895
card4,0.0006267256
V79,0.0006263456
M6,0.0006257395
V242,0.0006237247
id_11,0.0006232309
V94,0.00061870296
id_34,0.00061775895
V130,0.0006118201
V74,0.00061164895
M3,0.00060960284
id_03,0.00060899596
D5,0.0006083907
id_26,0.0006059791
V25,0.0005949856
V128,0.0005937362
V282,0.00059268746
C10,0.0005814494
V101,0.00057753746
V247,0.00057511387
V290,0.00057209434
V19,0.0005707268
V37,0.00056847493
card5,0.00056060776
D8,0.0005598543
V69,0.00055476715
card1,0.00055228116
V43,0.00054779754
TransactionAmt,0.0005434616
V267,0.0005430876
V161,0.00054083485
V77,0.00053039304
V218,0.00052463065
addr1,0.0005213722
V145,0.00051510724
V293,0.00051346334
V298,0.00050592405
V234,0.00050303055
C7,0.00049984135
V47,0.00049529993
V166,0.00049398985
V191,0.00048869115
V307,0.0004884772
id_16,0.00048539205
V259,0.00048508288
V134,0.00048291628
V81,0.00048216007
id_04,0.00048157814
M8,0.00046393473
V276,0.00046315306
V80,0.00046024262
V306,0.0004589703
V103,0.00045695258
V208,0.00045229218
D13,0.00045191761
V125,0.00044934667
V280,0.0004456357
V127,0.00044468272
id_10,0.00044316537
M9,0.000438331
V253,0.00043742624
V108,0.00043569287
V40,0.00043552814
V155,0.00043499435
V71,0.00042818472
V227,0.00042795538
V3,0.00042737872
V200,0.000424879
V32,0.00042274175
V164,0.00041788383
V312,0.00041675492
V271,0.00041380693
V316,0.00041143887
TransactionDT,0.00040693712
V140,0.00040653985
D6,0.0004019688
V245,0.0003887136
V211,0.00037751647
id_21,0.00037230024
id_05,0.00037067002
V173,0.00036863275
V154,0.00036827204
M7,0.00036314645
D12,0.00035855843
M1,0.000357275
dist2,0.00035494028
V248,0.00035488966
V231,0.0003536537
V302,0.00035077325
V96,0.00034784258
V46,0.0003442156
V240,0.00034060603
V257,0.0003336198
id_01,0.0003330456
V262,0.00033244924
D9,0.0003322679
V236,0.00033137156
V237,0.00033074754
V114,0.0003305131
V15,0.00033050968
V52,0.000329193
V197,0.00032425098
V147,0.00032292475
V50,0.00032179963
V210,0.00032132596
id_13,0.00031496826
V270,0.00031295288
V167,0.0003067973
V255,0.00030599392
V223,0.00030574572
V216,0.00030512383
id_20,0.00029889328
V178,0.0002970761
V232,0.00029677871
V14,0.0002912778
D14,0.00029042276
V287,0.00028730885
id_02,0.0002839082
V297,0.0002763419
id_19,0.00027600618
V299,0.0002714448
V318,0.00027124025
D7,0.0002711023
V160,0.00026850807
V221,0.00026806595
id_18,0.00026737514
V11,0.00026618844
V273,0.00026053653
V138,0.0002582913
V39,0.00025752917
V132,0.000257196
V228,0.00025289165
V126,0.0002524967
id_15,0.00024915117
V95,0.00024338483
V209,0.00024315437
V214,0.00024106352
id_06,0.00023152017
V171,0.00022937081
V286,0.00022457165
V246,0.00022053329
V42,0.00021528172
V17,0.00021043174
V105,0.00021019984
V278,0.00020487847
V275,0.00020356868
id_12,0.0002020356
V21,0.0002015451
V60,0.00019284067
V157,0.00019065435
V277,0.00019039089
V22,0.00018923284
V328,0.00018863061
V18,0.00018308265
V212,0.00018093456
V238,0.00017443219
V59,0.00017341164
V337,0.00017277323
V144,0.0001724745
id_38,0.00016781894
V264,0.00016307898
V222,0.0001629945
V202,0.00015691278
V274,0.00015380875
V179,0.00015100001
V181,0.00015090937
V226,0.00014922796
V304,0.00014837299
V85,0.00014603983
V229,0.00014284787
V93,0.00014219928
V174,0.00014093512
V168,0.00014024967
V329,0.00013640133
V217,0.00013558997
V243,0.00013052269
V213,0.00012850897
V84,0.00012820978
V92,0.00012575106
V279,0.00012551474
V249,0.00012364262
V97,0.00012297055
V326,0.000117395684
V180,0.00011672385
V31,0.00011549099
V183,0.00011407852
id_23,0.000112351074
V263,0.000103356186
V235,0.00010174685
V334,0.00010054174
V162,9.2821465e-05
V233,9.110631e-05
V331,8.377551e-05
V205,8.354254e-05
V72,7.518711e-05
V199,6.889088e-05
V189,6.668067e-05
V185,6.069725e-05
V204,5.630536e-05
V177,5.227217e-05
id_37,5.1821866e-05
V219,3.400544e-05
V112,3.340593e-05
V239,2.9039911e-05
DeviceType,1.5511378e-05
V16,1.2578692e-05
id_28,7.4490126e-06
V182,4.1344324e-06
V256,3.3505291e-06
V41,0.0
id_32,0.0
id_35,0.0
id_27,0.0
id_29,0.0
V198,0.0
V195,0.0
V28,0.0
V241,0.0
V142,0.0
V153,0.0
V27,0.0
V252,0.0
V65,0.0
V122,0.0
V269,0.0
V68,0.0
V88,0.0
V89,0.0
V1,0.0
V305,0.0
V325,0.0
V322,0.0
V117,0.0
V119,0.0
V330,0.0
V327,0.0
V107,0.0
id_22,0.0
